<?xml version="1.0" encoding="UTF-8"?>
<project-private xmlns="http://www.netbeans.org/ns/project-private/1">
    <editor-bookmarks xmlns="http://www.netbeans.org/ns/editor-bookmarks/2" lastBookmarkId="0"/>
    <open-files xmlns="http://www.netbeans.org/ns/projectui-open-files/2">
        <group>
            <file>file:/C:/Users/rizwa/Desktop/NetBeansProjects/New%20folder%20(2)/FinalProject_Group27_LifeInsuranceAgency.zip/src/projectdemo/FormsFXMLController.java</file>
            <file>file:/C:/Users/rizwa/Desktop/NetBeansProjects/New%20folder%20(2)/FinalProject_Group27_LifeInsuranceAgency.zip/src/projectdemo/FormsFXML.fxml</file>
        </group>
    </open-files>
</project-private>
